station_id,date,temp_max,temp_min,rh_max,rh_min,wind_speed_kmh,rainfall_mm
AWS_101,2025-06-01,30.764772920165388,21.40748811047022,90.35488841636081,51.97146697441581,9.833949957757406,70.0
AWS_101,2025-06-02,28.711394518226506,21.98396126837603,85.8278326999557,48.5620196049246,10.059902191365014,2.5
AWS_101,2025-06-03,32.145092143831825,22.022381911550465,89.94732384536672,49.71320034702707,9.710682722564302,0.0
AWS_101,2025-06-04,31.613683165010436,22.96270155046243,89.72535255234132,50.28183772174246,11.072707582677767,0.0
AWS_101,2025-06-05,32.996018718351394,22.424504548461748,87.3316469294252,53.23874589605468,11.011272649233044,0.0
AWS_101,2025-06-06,32.01011244130384,22.965156363685256,84.77398969780397,53.12265988083172,11.478500407760446,12.0
AWS_101,2025-06-07,31.028817263928797,22.065406837477298,85.48633895885425,57.437609076892805,11.265555036003338,0.0
AWS_101,2025-06-08,32.32359673191591,22.327666046438555,83.69353139659852,55.557099805798565,11.831939135555816,12.0
AWS_101,2025-06-09,32.4275009441435,23.04913427011829,83.41393149664643,55.76269017209087,12.08328976757068,0.0
AWS_101,2025-06-10,32.33982810488309,22.371991243354255,80.9281517755814,56.52688680996235,11.157462440536115,0.0
AWS_101,2025-06-11,32.56132763095246,23.794341000187778,76.58608493856691,57.01408375637512,11.25969399323385,0.0
AWS_101,2025-06-12,33.285323248684925,22.346364759618634,78.44331982630868,55.39370384677349,11.050449789119657,25.4
AWS_101,2025-06-13,30.297507833256127,23.540130496381952,79.06938486288844,56.94365647535203,10.27988795564437,25.4
AWS_101,2025-06-14,30.388278362578333,22.451950553834756,78.2795207918936,54.61692054776398,10.484994691569645,70.0
AWS_101,2025-06-15,29.783450893735214,21.845970467426433,74.1585184285868,53.84161057476169,8.87671619774341,0.0
AWS_101,2025-06-16,29.00328800745553,22.34147436473201,75.20458385941834,54.58718458972771,7.7097972844588245,0.0
AWS_101,2025-06-17,29.019701107418854,22.27304884124893,75.37858212770612,50.99768673247112,7.265073472532023,12.0
AWS_101,2025-06-18,31.265999560724435,21.499123448799516,72.94516019196028,51.6371846930572,7.967114998521818,0.0
AWS_101,2025-06-19,29.133638673219227,21.939193335427316,75.20974594574959,45.94970733167099,7.473538866341396,2.5
AWS_101,2025-06-20,30.114485195605457,21.533623370608986,80.10422097707966,46.37238487383718,7.811335030929791,0.0
AWS_101,2025-06-21,28.3188395728299,21.83581690938263,79.33537434547634,50.01901447228776,7.5782689879256155,2.5
AWS_101,2025-06-22,28.412788634958186,22.038212288000075,77.12268203976836,47.501680028208305,8.556754800963894,0.0
AWS_101,2025-06-23,29.25085736600586,21.158064865656474,84.88247182499572,47.95646942229932,9.6916455491527,2.5
AWS_101,2025-06-24,29.15173704609692,21.137267071837126,79.51585218414961,48.0202149294558,9.276247575923616,0.0
AWS_101,2025-06-25,29.42256342209559,21.680694392740236,81.5361435143095,46.5119982087682,10.779401714426086,0.0
AWS_101,2025-06-26,29.985641713532104,20.109835495018054,85.51923840314083,47.7154904331291,8.765114503528848,25.4
AWS_101,2025-06-27,29.52366235599864,21.477563195058796,82.91800294947463,46.0022475261582,11.342803205716603,70.0
AWS_101,2025-06-28,27.441888365522928,20.58444404207451,84.55812780175559,45.80366798284113,10.986611102026474,0.0
AWS_101,2025-06-29,30.326999569608752,21.34516360596971,90.07011810171532,41.82684441414047,11.439249907208922,70.0
AWS_101,2025-06-30,30.733000493700622,21.69077632767803,86.37700507775261,46.5077814737114,11.004247755298541,0.0
AWS_102,2025-06-01,29.338446221087917,22.07893726952714,87.18108768800124,48.49777561763364,9.104845815308858,2.5
AWS_102,2025-06-02,31.372978239821528,21.90680881319434,87.05007300414174,53.40683880523104,11.056286804491755,12.0
AWS_102,2025-06-03,31.620353320416914,21.824596480582095,86.39602746755892,53.67753814138646,10.274679425181949,0.0
AWS_102,2025-06-04,31.971905207087964,22.462924922883214,86.45715272653713,57.91898318731083,11.446355866783847,0.0
AWS_102,2025-06-05,31.733439368533226,22.283720206611164,84.60936198991077,52.50141107912892,10.161329748619586,2.5
AWS_102,2025-06-06,32.841553664754144,22.190697353967114,87.45162911217342,56.763735698606745,10.173670060981799,0.0
AWS_102,2025-06-07,31.8602400036566,22.685750850904693,84.18023387645748,54.25778465994459,11.870015645981729,2.5
AWS_102,2025-06-08,32.748518060442045,22.78426915765219,82.98316561723415,50.684396875381374,12.50816633403691,0.0
AWS_102,2025-06-09,31.563727221056276,22.988678184902696,83.66990852275002,53.05011559603882,11.419154957251234,0.0
AWS_102,2025-06-10,32.54586906683786,22.563440304439755,80.39549214683505,54.90502492162086,10.859594056677766,70.0
AWS_102,2025-06-11,31.328962563345634,23.314437703411276,79.7379086454037,58.48523472172282,10.805396354345467,0.0
AWS_102,2025-06-12,34.068936135649714,22.634878699096024,80.450883563084,56.98268347702482,11.259555730581894,0.0
AWS_102,2025-06-13,32.83747891885099,23.19434025564844,78.61280864848362,53.466734924083156,10.72633223719378,25.4
AWS_102,2025-06-14,32.06168831410188,22.739747207492474,70.63142215998127,55.00834744280847,10.015496504297845,0.0
AWS_102,2025-06-15,30.00573573016077,23.33323268205407,73.46391859993399,55.53068068872022,9.099461513746178,2.5
AWS_102,2025-06-16,31.614712890771038,23.062786078607314,73.87801518719861,48.914627159892994,9.808874037530563,2.5
AWS_102,2025-06-17,30.11458493393867,21.833648755763427,74.95016624161279,51.68185162756301,8.040606483492773,70.0
AWS_102,2025-06-18,30.330442257806517,22.286401528032098,76.8273258253221,51.025597931554906,9.22047573589353,2.5
AWS_102,2025-06-19,29.487176918020385,22.638625058208913,70.93953010238828,53.50072530731194,7.3299809631342505,70.0
AWS_102,2025-06-20,28.807118746959077,21.905929168794312,78.42823356325717,48.030687127657174,8.395596929342009,12.0
AWS_102,2025-06-21,28.616631770324105,21.621199066015016,75.17416459311401,49.457630485982435,8.111314392928094,0.0
AWS_102,2025-06-22,30.43214148962399,21.154685868045927,79.16879577962548,46.20904766420089,8.23580779434251,0.0
AWS_102,2025-06-23,28.630209328043993,21.758001443151887,79.65059625583497,46.2910062956732,9.312853857034911,0.0
AWS_102,2025-06-24,28.52365323754779,21.23563702930457,79.10981789416606,47.47191502715917,8.317833735468165,2.5
AWS_102,2025-06-25,28.161778823344687,21.5443707947359,85.10263982180896,44.453518381291246,9.05700844230154,12.0
AWS_102,2025-06-26,28.620422038647973,21.625975919148395,82.45342028617127,45.24416094549867,10.346364200293634,0.0
AWS_102,2025-06-27,28.892798188052616,21.897046711895573,84.28181561878466,46.73228568776161,9.846798825147895,0.0
AWS_102,2025-06-28,30.086221043098426,21.124052371554153,85.60993578758429,44.194601695110165,12.550383663905258,25.4
AWS_102,2025-06-29,30.702886467269664,20.371935462858694,86.59153431117743,46.58730080962555,9.851092180836783,0.0
AWS_102,2025-06-30,30.12357635919517,21.84290289690774,89.45182154575855,48.85744838317569,11.931113770703703,70.0
AWS_103,2025-06-01,31.537189290219327,22.28834708650201,87.941510086396,47.85621693317129,9.36102312724811,25.4
AWS_103,2025-06-02,31.126345641865903,22.5678072683529,86.29134481317544,53.329622339681066,10.62225636028804,12.0
AWS_103,2025-06-03,31.382325298416124,22.05524283635829,86.74923401988285,50.77493828635024,10.141350840767663,25.4
AWS_103,2025-06-04,33.17574938638498,22.37291087790358,86.88157639860782,53.000409492884295,11.073010697649739,70.0
AWS_103,2025-06-05,31.840005542880366,22.09249487663507,89.41232796177431,51.13493823934422,10.486610905676558,70.0
AWS_103,2025-06-06,32.53162728337412,22.747975336138765,83.65270442659914,54.68059472053185,11.63911237483582,70.0
AWS_103,2025-06-07,32.629699652763215,23.623401042738696,83.3140157673357,54.117765958435996,10.70707102558163,12.0
AWS_103,2025-06-08,33.95078390754159,22.63247681535637,82.84268938691098,54.640119997709476,10.35806436929538,0.0
AWS_103,2025-06-09,31.43436131583259,22.316140159355584,84.11177954227828,57.12275082672464,12.378178162057429,70.0
AWS_103,2025-06-10,32.30963154951751,22.98711616066714,78.87800487524528,57.17711259296494,11.6590413679534,0.0
AWS_103,2025-06-11,31.560145982327914,22.950894934027318,82.65506191163836,56.028007160159355,12.503361982836937,0.0
AWS_103,2025-06-12,33.49596514620895,22.984526740494033,75.13780688311329,55.49574539140606,10.90770701887912,2.5
AWS_103,2025-06-13,33.73841106373814,23.506186207273256,76.46987425237961,52.761897579840756,9.579421427367278,0.0
AWS_103,2025-06-14,32.0823142023688,22.807829458512074,75.67730961827647,53.74890126335903,10.434854668615882,2.5
AWS_103,2025-06-15,31.493623330805733,22.35104540948287,73.79378753701484,50.03661162065803,9.14954066702301,0.0
AWS_103,2025-06-16,32.68295170697809,23.29229296389519,77.5260787545127,54.24252675646729,9.44167148565326,2.5
AWS_103,2025-06-17,31.345148497856517,21.748315116207205,78.58362697104378,48.79694904565895,9.049454812410234,12.0
AWS_103,2025-06-18,31.47260143172698,21.932036415521075,74.05927117164644,56.2232476123681,8.579654256783428,25.4
AWS_103,2025-06-19,30.03310075170131,22.12570657641792,76.33464699372776,52.10235803688835,8.174861814273969,0.0
AWS_103,2025-06-20,29.911233938771872,21.5098048094996,79.00129752063006,50.63649429547623,9.10400181797123,0.0
AWS_103,2025-06-21,30.576120577719024,22.14311035084268,82.07628037867119,47.830363152814215,8.658110554753828,25.4
AWS_103,2025-06-22,30.394821713329378,21.485637768021938,84.30913441330358,47.476711057650284,7.453881109055102,70.0
AWS_103,2025-06-23,29.37287425077458,21.898910067491943,79.80669915567022,49.75776763438633,8.89402022946908,70.0
AWS_103,2025-06-24,29.14023503181961,21.29498365505961,83.36502567977385,47.30298940506289,8.237793652528607,70.0
AWS_103,2025-06-25,30.096196399974257,21.270864145410638,88.56437857585617,44.68801937252721,8.694878730169437,25.4
AWS_103,2025-06-26,29.55547098541439,21.700923164457635,83.20629684234389,48.822969800883044,9.832611075267122,2.5
AWS_103,2025-06-27,29.25141228382894,20.357260712640898,83.39496514005185,41.40316928778375,10.119670854470165,0.0
AWS_103,2025-06-28,30.3201666731817,20.986503106449735,85.96575303972033,47.72059053238526,9.984335953372977,2.5
AWS_103,2025-06-29,30.09606911067964,21.415038051130217,88.17616670567209,51.05189701158901,11.58313251051826,0.0
AWS_103,2025-06-30,29.919234029269642,20.845536646529922,85.09914568333505,44.28573586335576,11.859890362965956,0.0
AWS_104,2025-06-01,30.889257353159852,22.28429121847895,86.60989736119251,48.54169669042633,10.92821988621297,0.0
AWS_104,2025-06-02,32.22341299498389,22.768167309708712,89.2484347862633,49.9727357987103,9.337600719423651,0.0
AWS_104,2025-06-03,32.708784706995615,21.845199260576553,85.32578639071049,48.9676031841674,11.443623435265168,25.4
AWS_104,2025-06-04,31.752554122568057,22.572767985439807,87.98463974902083,48.3410347364636,10.275845498167207,0.0
AWS_104,2025-06-05,31.506969948047644,23.160910455563176,87.72364777195159,52.13324387068761,12.693686845581631,70.0
AWS_104,2025-06-06,34.68142890767468,21.905036134601385,83.99119261092069,55.00550854274731,10.818958307330561,2.5
AWS_104,2025-06-07,32.320467411857955,22.992003277100853,83.34877752250549,52.19125128422086,13.058826217680783,0.0
AWS_104,2025-06-08,33.83345768389569,23.653142877502276,83.2107580304066,53.33239217851598,12.259817225439733,0.0
AWS_104,2025-06-09,32.04706076799424,22.663751942127828,79.14024879182986,54.39113260643391,12.19839832729637,0.0
AWS_104,2025-06-10,33.42423356445788,22.893462434726384,79.26972433439857,54.80524704250111,11.272771603418036,0.0
AWS_104,2025-06-11,33.162203231126014,23.401242950366377,80.8745691682816,55.82420333274331,11.197646087159841,2.5
AWS_104,2025-06-12,32.3508876718191,22.840154249365472,79.11069799180798,52.33387490136042,11.417775967779834,0.0
AWS_104,2025-06-13,33.02657142257691,23.341258493522233,76.88176199640057,55.507708826923725,9.73704641740588,12.0
AWS_104,2025-06-14,32.4925003783598,22.16551313912366,75.48143876433322,52.37920266007796,9.291147715246776,25.4
AWS_104,2025-06-15,30.971109805391897,22.714952365514048,77.25023455270026,56.328686462664784,9.829295090105584,0.0
AWS_104,2025-06-16,31.11697189128417,22.719753498760134,80.88531720381332,55.80555988931597,9.487786461428573,0.0
AWS_104,2025-06-17,30.739248022687715,22.597815998858888,75.18825579504272,52.939477278706505,8.769800426803293,0.0
AWS_104,2025-06-18,31.525450120874847,22.295015148287415,74.68416502249507,52.243897695400904,7.766965707546916,2.5
AWS_104,2025-06-19,29.423373163730883,22.36086599526986,77.0321044826378,46.70307470079187,7.85071004713659,0.0
AWS_104,2025-06-20,29.66103726834203,22.459345191862095,78.93714150758079,50.989057312006466,8.467783886035805,70.0
AWS_104,2025-06-21,29.583011844853264,21.44628862663507,80.89227204540668,50.25374965537944,9.251112887889258,12.0
AWS_104,2025-06-22,31.08129193553122,22.3232189258837,79.65662207891987,50.19134636184653,9.023758746761894,12.0
AWS_104,2025-06-23,30.461105017654095,21.88322293822055,81.83528055072854,50.42199553334141,9.288538530611616,0.0
AWS_104,2025-06-24,29.471703954016554,21.285088229894296,77.60472473690234,45.259059187936934,10.194347282729165,0.0
AWS_104,2025-06-25,28.293066504828964,21.556390476573608,82.29087313186237,47.4381113898437,10.203476251435825,0.0
AWS_104,2025-06-26,28.864682372153204,21.78839821754826,81.7921779119063,47.12318523668669,9.99069174031494,0.0
AWS_104,2025-06-27,29.04389632795623,22.120001899132383,84.91084526420218,45.149117187882844,10.7269129791295,0.0
AWS_104,2025-06-28,29.64580211765569,21.29674917514866,87.74926323394607,45.00032732105238,12.232184102677046,12.0
AWS_104,2025-06-29,29.581693859692617,21.681004117838544,88.36881490532643,44.60574517199231,11.090017962416635,70.0
AWS_104,2025-06-30,31.256012067813902,21.15808692440075,90.52428794399479,44.57524022791957,11.40584608728814,0.0
