block_id,issue_date,coarse_tmax,coarse_tmin,coarse_rh,coarse_wind_kmh,coarse_rain_mm
BLK_RRE_01,2025-06-01,30.965944610442403,22.388204929854282,77.6080207170485,11.127290882724227,1.7057938433099369
BLK_RRE_01,2025-06-02,29.79113652413599,22.2176659158291,74.61187346170523,10.859577200758864,0.0
BLK_RRE_01,2025-06-03,30.910041214627178,21.96689379815613,75.89738200600296,11.790859084035278,4.027286803831877
BLK_RRE_01,2025-06-04,30.259322936564327,22.55481847549768,79.70098442809174,10.03090912928777,2.6650160021852543
BLK_RRE_01,2025-06-05,31.053038737301314,22.54124871038762,80.13919596681401,10.152543500773733,4.607490097601338
BLK_RRE_01,2025-06-06,32.50666979768951,22.765883807319586,74.34390150273079,11.959625823779596,4.734607834587476
BLK_RRE_01,2025-06-07,33.310998756892815,22.759601760762042,73.95827989618824,11.765318066128499,0.7421221049521727
BLK_RRE_01,2025-06-08,31.524002870510465,22.551708772680865,74.5019624322959,13.098560847246535,2.5362789864589157
BLK_RRE_01,2025-06-09,32.113251617915985,23.0898403957228,72.75547825342076,11.879359284834093,0.0
BLK_RRE_01,2025-06-10,32.61247897853068,23.399193442003238,71.99871396760254,11.872196626621848,3.0333693295405944
BLK_RRE_01,2025-06-11,32.24407167169294,23.273758468059096,67.89444841452507,11.29892180851688,0.5897380390207114
BLK_RRE_01,2025-06-12,31.82891009778894,23.285542501602816,69.12947283587816,12.837972593580805,2.9745368529020566
BLK_RRE_01,2025-06-13,32.480814717559504,22.58200450367432,69.26612299142283,10.364897806699672,1.6946679147424075
BLK_RRE_01,2025-06-14,31.734779848292952,22.95695768567254,62.64346399707751,11.533946702052244,4.671034030386563
BLK_RRE_01,2025-06-15,30.433623221659897,22.799331879072394,65.9819644877335,9.302829473303229,10.186214286187544
BLK_RRE_01,2025-06-16,31.084186136732015,22.564586627254055,62.821320932627614,10.42309176198307,0.9569297346523808
BLK_RRE_01,2025-06-17,30.306726982816116,21.68799493247968,64.3146729335745,7.845260083665804,1.4137231373770085
BLK_RRE_01,2025-06-18,29.028942124821533,22.261358218923895,62.35701487727962,8.98829827740155,2.438158239468268
BLK_RRE_01,2025-06-19,29.005482583668527,22.61547580468818,64.8606558776449,7.852275769983004,0.46411885357428506
BLK_RRE_01,2025-06-20,27.0976732367295,22.544104539867902,63.80666957341007,6.94863882608615,1.0209485578388264
BLK_RRE_01,2025-06-21,28.15005758640645,21.59847995879115,66.57512554087647,8.11483623278324,0.0
BLK_RRE_01,2025-06-22,27.388089106222246,21.661289435167376,67.15847069436957,6.617568565126897,3.7411381151461276
BLK_RRE_01,2025-06-23,27.049186341072872,21.31218440042791,68.55457230637666,9.586428885857371,1.282576262768841
BLK_RRE_01,2025-06-24,28.10745804349111,20.82928542729048,69.35514247241505,9.291041584446768,4.727649230803559
BLK_RRE_01,2025-06-25,27.17210537966518,21.566762109069007,71.5718375314459,8.694031621812984,0.6561528836245505
BLK_RRE_01,2025-06-26,28.29856962826824,21.560591582493842,74.01494851539849,9.464842432449947,0.010919513514830781
BLK_RRE_01,2025-06-27,27.832571535049972,21.58011459555977,78.18817667374141,11.466520672004487,4.619354616522975
BLK_RRE_01,2025-06-28,27.42945214958966,20.87917520203985,78.98043576723832,10.120599591847718,8.552521221300232
BLK_RRE_01,2025-06-29,29.50983566859859,20.733115005091694,79.69804941241503,12.3192850679965,0.0
BLK_RRE_01,2025-06-30,30.12084416264976,21.570238473367365,78.40783881778027,12.541649206026284,1.2089193462078605
