valid_date,panchayat_id,tmax_c,tmin_c,relative_humidity_pct,wind_speed_kmh,rain_mm,tmax_lapse_adjusted_c,tmin_lapse_adjusted_c,elevation_delta_m,slope_deg,aspect_sin,aspect_cos,doy_sin,doy_cos,residual_tmax_c,residual_tmin_c,residual_relative_humidity_pct,residual_wind_speed_kmh,residual_rain_mm,rain_mm_coarse,tmax_c_lag1,tmax_c_lead1,tmin_c_lag1,tmin_c_lead1,relative_humidity_pct_lag1,relative_humidity_pct_lead1,wind_speed_kmh_lag1,wind_speed_kmh_lead1,rain_mm_lag1,rain_mm_lead1
2025-06-02,201001,28.486394518226504,21.89396126837603,67.53242615244017,10.014902191365014,2.483125,29.531136524135988,21.9576659158291,40,2.1,0.6427876096865395,-0.7660444431189779,0.4878471454423119,-0.8729290708206411,-1.0447420059094839,-0.06370464745306847,0.0,0.014902191365013806,2.483125,0.0,30.539772920165387,31.920092143831823,21.31748811047022,21.932381911550465,71.50067769538832,70.1677620961969,9.788949957757406,9.665682722564302,69.5275,0.0
2025-06-03,201001,31.920092143831823,21.932381911550465,70.1677620961969,9.665682722564302,0.0,30.650041214627176,21.706893798156127,40,2.1,0.6427876096865395,-0.7660444431189779,0.47275920928627757,-0.881191653407483,1.270050929204647,0.22548811339433783,0.0,-0.33431727743569795,-4.027286803831877,4.027286803831877,28.486394518226504,31.388683165010434,21.89396126837603,22.87270155046243,67.53242615244017,70.34109513704189,10.014902191365014,11.027707582677767,2.483125,0.0
2025-06-04,201001,31.388683165010434,22.87270155046243,70.34109513704189,11.027707582677767,0.0,29.999322936564326,22.294818475497678,40,2.1,0.6427876096865395,-0.7660444431189779,0.4575313760742512,-0.8891934772070711,1.3893602284461082,0.5778830749647526,0.0,1.0277075826777669,-2.6650160021852543,2.6650160021852543,31.920092143831823,32.77101871835139,21.932381911550465,22.334504548461748,70.1677620961969,70.62269641273994,9.665682722564302,10.966272649233044,0.0,0.0
2025-06-05,201001,32.77101871835139,22.334504548461748,70.62269641273994,10.966272649233044,0.0,30.793038737301313,22.28124871038762,40,2.1,0.6427876096865395,-0.7660444431189779,0.44216815196707204,-0.8969321743510065,1.9779799810500798,0.05325583807412926,0.0,0.9662726492330442,-4.607490097601338,4.607490097601338,31.388683165010434,31.785112441303838,22.87270155046243,22.875156363685257,70.34109513704189,69.28582478931784,11.027707582677767,11.433500407760446,0.0,11.919
2025-06-06,201001,31.785112441303838,22.875156363685257,69.28582478931784,11.433500407760446,11.919,32.24666979768951,22.505883807319584,40,2.1,0.6427876096865395,-0.7660444431189779,0.42667408318992467,-0.9044054548343001,-0.46155735638567563,0.36927255636567224,0.0,1.4335004077604463,7.1843921654125245,4.734607834587476,32.77101871835139,30.803817263928796,22.334504548461748,21.975406837477298,70.62269641273994,71.79947401787354,10.966272649233044,11.220555036003338,0.0,0.0
2025-06-07,201001,30.803817263928796,21.975406837477298,71.79947401787354,11.220555036003338,0.0,33.05099875689282,22.49960176076204,40,2.1,0.6427876096865395,-0.7660444431189779,0.4110537546870351,-0.9116111071930239,-2.247181492964021,-0.5241949232847425,0.0,1.2205550360033381,-0.7421221049521727,0.7421221049521727,31.785112441303838,32.09859673191591,22.875156363685257,22.237666046438555,69.28582478931784,69.96281560119854,11.433500407760446,11.786939135555816,11.919,11.919
2025-06-08,201001,32.09859673191591,22.237666046438555,69.96281560119854,11.786939135555816,11.919,31.264002870510463,22.291708772680863,40,2.1,0.6427876096865395,-0.7660444431189779,0.3953117887649151,-0.9185469991587165,0.8345938614054482,-0.05404272624230799,0.0,1.7869391355558157,9.382721013541085,2.5362789864589157,30.803817263928796,32.2025009441435,21.975406837477298,22.95913427011829,71.79947401787354,69.92581083436866,11.220555036003338,12.03828976757068,0.0,0.0
2025-06-09,201001,32.2025009441435,22.95913427011829,69.92581083436866,12.03828976757068,0.0,31.853251617915983,22.829840395722798,40,2.1,0.6427876096865395,-0.7660444431189779,0.37945284372454435,-0.925211078289358,0.34924932622751825,0.12929387439549345,0.0,2.0382897675706797,0.0,0.0,32.09859673191591,32.11482810488309,22.237666046438555,22.281991243354256,69.96281560119854,69.06501929277188,11.786939135555816,11.112462440536115,11.919,0.0
2025-06-10,201001,32.11482810488309,22.281991243354256,69.06501929277188,11.112462440536115,0.0,32.352478978530684,23.139193442003236,40,2.1,0.6427876096865395,-0.7660444431189779,0.36348161248290634,-0.9316013725767187,-0.23765087364759552,-0.8572021986489808,0.0,1.112462440536115,-3.0333693295405944,3.0333693295405944,32.2025009441435,32.33632763095246,22.95913427011829,23.704341000187778,69.92581083436866,67.13758434747102,12.03828976757068,11.21469399323385,0.0,0.0
2025-06-11,201001,32.33632763095246,23.704341000187778,67.13758434747102,11.21469399323385,0.0,31.98407167169294,23.013758468059095,40,2.1,0.6427876096865395,-0.7660444431189779,0.3474028211842774,-0.9377159910299093,0.35225595925951936,0.6905825321286834,0.0,1.2146939932338494,-0.5897380390207114,0.5897380390207114,32.11482810488309,33.060323248684924,22.281991243354256,22.256364759618634,69.06501929277188,67.25601183654109,11.112462440536115,11.005449789119657,0.0,25.22855
2025-06-12,201001,33.060323248684924,22.256364759618634,67.25601183654109,11.005449789119657,25.22855,31.568910097788937,23.025542501602814,40,2.1,0.6427876096865395,-0.7660444431189779,0.3312212278016865,-0.9435531242349544,1.491413150895987,-0.7691777419841799,0.0,1.0054497891196572,22.254013147097943,2.9745368529020566,32.33632763095246,30.072507833256125,23.704341000187778,23.450130496381952,67.13758434747102,68.34402066912024,11.21469399323385,10.23488795564437,0.0,25.22855
2025-06-13,201001,30.072507833256125,23.450130496381952,68.34402066912024,10.23488795564437,25.22855,32.220814717559506,22.322004503674318,40,2.1,0.6427876096865395,-0.7660444431189779,0.31494162072895193,-0.9491110448902284,-2.1483068843033806,1.1281259927076341,0.0,0.23488795564436948,23.53388208525759,1.6946679147424075,33.060323248684924,30.163278362578332,22.256364759618634,22.361950553834756,67.25601183654109,66.7857206698288,11.005449789119657,10.439994691569645,25.22855,69.5275
2025-06-14,201001,30.163278362578332,22.361950553834756,66.7857206698288,10.439994691569645,69.5275,31.47477984829295,22.696957685672537,40,2.1,0.6427876096865395,-0.7660444431189779,0.2985688173637202,-0.9543881083175908,-1.3115014857146186,-0.33500713183778075,0.0,0.43999469156964466,64.85646596961344,4.671034030386563,30.072507833256125,29.558450893735213,23.450130496381952,21.755970467426433,68.34402066912024,64.33756450167425,10.23488795564437,8.83171619774341,25.22855,0.0
2025-06-15,201001,29.558450893735213,21.755970467426433,64.33756450167425,8.83171619774341,0.0,30.173623221659895,22.539331879072392,40,2.1,0.6427876096865395,-0.7660444431189779,0.2821076626819194,-0.9593827529490743,-0.6151723279246823,-0.7833614116459593,0.0,-1.1682838022565907,-10.186214286187544,10.186214286187544,30.163278362578332,28.77828800745553,22.361950553834756,22.25147436473201,66.7857206698288,65.23338422457303,10.439994691569645,7.664797284458825,69.5275,0.0
2025-06-16,201001,28.77828800745553,22.25147436473201,65.23338422457303,7.664797284458825,0.0,30.824186136732013,22.304586627254054,40,2.1,0.6427876096865395,-0.7660444431189779,0.26556302780405594,-0.9640935007889755,-2.045898129276484,-0.05311226252204193,0.0,-2.3352027155411754,-0.9569297346523808,0.9569297346523808,29.558450893735213,28.794701107418852,21.755970467426433,22.18304884124893,64.33756450167425,63.52563443008862,8.83171619774341,7.2200734725320235,0.0,11.919
2025-06-17,201001,28.794701107418852,22.18304884124893,63.52563443008862,7.2200734725320235,11.919,30.046726982816114,21.427994932479677,40,2.1,0.6427876096865395,-0.7660444431189779,0.24893980855376657,-0.9685189578512204,-1.252025875397262,0.755053908769252,0.0,-2.7799265274679765,10.505276862622992,1.4137231373770085,28.77828800745553,31.040999560724433,22.25147436473201,21.409123448799516,65.23338422457303,62.62867244250874,7.664797284458825,7.922114998521818,0.0,0.0
2025-06-18,201001,31.040999560724433,21.409123448799516,62.62867244250874,7.922114998521818,0.0,28.768942124821532,22.001358218923894,40,2.1,0.6427876096865395,-0.7660444431189779,0.23224292400907015,-0.9726578145718654,2.2720574359029015,-0.592234770124378,0.0,-2.0778850014781822,-2.438158239468268,2.438158239468268,28.794701107418852,28.908638673219226,22.18304884124893,21.849193335427316,63.52563443008862,60.91722663871029,7.2200734725320235,7.4285388663413965,11.919,2.483125
2025-06-19,201001,28.908638673219226,21.849193335427316,60.91722663871029,7.4285388663413965,2.483125,28.745482583668526,22.35547580468818,40,2.1,0.6427876096865395,-0.7660444431189779,0.21547731504673012,-0.976508846196619,0.16315608955070005,-0.5062824692608636,0.0,-2.5714611336586035,2.0190061464257147,0.46411885357428506,31.040999560724433,29.889485195605456,21.409123448799516,21.443623370608986,62.62867244250874,63.57580292545842,7.922114998521818,7.766335030929791,0.0,0.0
2025-06-20,201001,29.889485195605456,21.443623370608986,63.57580292545842,7.766335030929791,0.0,26.837673236729497,22.2841045398679,40,2.1,0.6427876096865395,-0.7660444431189779,0.19864794288017112,-0.9800709131432666,3.051811958875959,-0.8404811692589149,0.0,-2.233664969070209,-1.0209485578388264,1.0209485578388264,28.908638673219226,28.0938395728299,21.849193335427316,21.74581690938263,60.91722663871029,65.01469440888205,7.4285388663413965,7.533268987925616,2.483125,2.483125
2025-06-21,201001,28.0938395728299,21.74581690938263,65.01469440888205,7.533268987925616,2.483125,27.89005758640645,21.338479958791147,40,2.1,0.6427876096865395,-0.7660444431189779,0.18175978759137534,-0.9833429613388902,0.2037819864234507,0.4073369505914819,0.0,-2.4667310120743844,2.483125,0.0,29.889485195605456,28.187788634958185,21.443623370608986,21.948212288000075,63.57580292545842,62.64968103398834,7.766335030929791,8.511754800963894,0.0,0.0
2025-06-22,201001,28.187788634958185,21.948212288000075,62.64968103398834,8.511754800963894,0.0,27.128089106222244,21.401289435167374,40,2.1,0.6427876096865395,-0.7660444431189779,0.16481784665719793,-0.9863240225317866,1.0596995287359405,0.5469228528327008,0.0,-1.4882451990361059,-3.7411381151461276,3.7411381151461276,28.0938395728299,29.02585736600586,21.74581690938263,21.068064865656474,65.01469440888205,66.75697062364753,7.533268987925616,9.6466455491527,2.483125,2.483125
2025-06-23,201001,29.02585736600586,21.068064865656474,66.75697062364753,9.6466455491527,2.483125,26.78918634107287,21.052184400427908,40,2.1,0.6427876096865395,-0.7660444431189779,0.14782713347053048,-0.9890132145779883,2.2366710249329884,0.01588046522856601,0.0,-0.3533544508473003,1.2005487372311587,1.282576262768841,28.187788634958185,28.926737046096918,21.948212288000075,21.047267071837126,62.64968103398834,64.10553355680271,8.511754800963894,9.231247575923616,0.0,0.0
2025-06-24,201001,28.926737046096918,21.047267071837126,64.10553355680271,9.231247575923616,0.0,27.84745804349111,20.569285427290477,40,2.1,0.6427876096865395,-0.7660444431189779,0.13079267585675922,-0.9914097417023038,1.0792790026058086,0.4779816445466487,0.0,-0.7687524240763839,-4.727649230803559,4.727649230803559,29.02585736600586,29.197563422095588,21.068064865656474,21.590694392740236,66.75697062364753,64.36157086153885,9.6466455491527,10.734401714426086,2.483125,0.0
2025-06-25,201001,29.197563422095588,21.590694392740236,64.36157086153885,10.734401714426086,0.0,26.912105379665178,21.306762109069005,40,2.1,0.6427876096865395,-0.7660444431189779,0.11371951458594969,-0.9935128947338007,2.2854580424304096,0.2839322836712306,0.0,0.7344017144260864,-0.6561528836245505,0.6561528836245505,28.926737046096918,29.760641713532102,21.047267071837126,20.019835495018054,64.10553355680271,66.95486441813497,9.231247575923616,8.720114503528848,0.0,25.22855
2025-06-26,201001,29.760641713532102,20.019835495018054,66.95486441813497,8.720114503528848,25.22855,28.038569628268238,21.30059158249384,40,2.1,0.6427876096865395,-0.7660444431189779,0.0966127018812031,-0.9953220513156602,1.7220720852638642,-1.2807560874757868,0.0,-1.2798854964711524,25.217630486485167,0.010919513514830781,29.197563422095588,29.298662355998637,21.590694392740236,21.387563195058796,64.36157086153885,64.79762523781642,10.734401714426086,11.297803205716603,0.0,69.5275
2025-06-27,201001,29.298662355998637,21.387563195058796,64.79762523781642,11.297803205716603,69.5275,27.57257153504997,21.32011459555977,40,2.1,0.6427876096865395,-0.7660444431189779,0.07947729992362097,-0.9968366760893436,1.7260908209486665,0.06744859949902704,0.0,1.297803205716603,64.90814538347703,4.619354616522975,29.760641713532102,27.216888365522927,20.019835495018054,20.49444404207451,66.95486441813497,65.51839789229837,8.720114503528848,10.941611102026474,25.22855,0.0
2025-06-28,201001,27.216888365522927,20.49444404207451,65.51839789229837,10.941611102026474,0.0,27.16945214958966,20.619175202039848,40,2.1,0.6427876096865395,-0.7660444431189779,0.062318379354325076,-0.998056320853012,0.04743621593326708,-0.12473115996533934,0.0,0.9416111020264744,-8.552521221300232,8.552521221300232,29.298662355998637,30.10199956960875,21.387563195058796,21.25516360596971,64.79762523781642,66.2859812579279,11.297803205716603,11.394249907208922,69.5275,69.5275
2025-06-29,201001,30.10199956960875,21.25516360596971,66.2859812579279,11.394249907208922,69.5275,29.24983566859859,20.473115005091692,40,2.1,0.6427876096865395,-0.7660444431189779,0.04514101777397193,-0.9989806246941579,0.8521639010101616,0.7820486008780172,0.0,1.3942499072089216,69.5275,0.0,27.216888365522927,30.50800049370062,20.49444404207451,21.60077632767803,65.51839789229837,66.77989327573201,10.941611102026474,10.959247755298541,0.0,0.0
2025-06-02,201002,31.29797823982153,21.876808813194337,70.34095590468638,11.041286804491754,11.973,29.30363652413599,21.7301659158291,75,4.8,-0.5000000000000001,-0.8660254037844386,0.4878471454423119,-0.8729290708206411,1.9943417156855396,0.14664289736523628,0.0,1.0412868044917545,11.973,0.0,29.263446221087918,31.545353320416915,22.04893726952714,21.794596480582094,67.95193165281744,70.14928280447269,9.089845815308857,10.259679425181949,2.4943750000000002,0.0
2025-06-03,201002,31.545353320416915,21.794596480582094,70.14928280447269,10.259679425181949,0.0,30.422541214627177,21.479393798156128,75,4.8,-0.5000000000000001,-0.8660254037844386,0.47275920928627757,-0.881191653407483,1.1228121057897376,0.3152026824259657,0.0,0.25967942518194853,-4.027286803831877,4.027286803831877,31.29797823982153,31.896905207087965,21.876808813194337,22.432924922883213,70.34095590468638,72.30056795692398,11.041286804491754,11.431355866783846,11.973,0.0
2025-06-04,201002,31.896905207087965,22.432924922883213,72.30056795692398,11.431355866783846,0.0,29.771822936564327,22.06731847549768,75,4.8,-0.5000000000000001,-0.8660254037844386,0.4575313760742512,-0.8891934772070711,2.125082270523638,0.3656064473855345,0.0,1.4313558667838464,-2.6650160021852543,2.6650160021852543,31.545353320416915,31.658439368533227,21.794596480582094,22.253720206611163,70.14928280447269,68.66788653451984,10.259679425181949,10.146329748619586,0.0,2.4943750000000002
2025-06-05,201002,31.658439368533227,22.253720206611163,68.66788653451984,10.146329748619586,2.4943750000000002,30.565538737301313,22.05374871038762,75,4.8,-0.5000000000000001,-0.8660254037844386,0.44216815196707204,-0.8969321743510065,1.0929006312319132,0.1999714962235437,0.0,0.1463297486195856,-2.1131150976013378,4.607490097601338,31.896905207087965,32.76655366475414,22.432924922883213,22.160697353967112,72.30056795692398,72.22018240539008,11.431355866783846,10.158670060981798,0.0,0.0
2025-06-06,201002,32.76655366475414,22.160697353967112,72.22018240539008,10.158670060981798,0.0,32.019169797689514,22.278383807319585,75,4.8,-0.5000000000000001,-0.8660254037844386,0.42667408318992467,-0.9044054548343001,0.7473838670646273,-0.11768645335247285,0.0,0.15867006098179814,-4.734607834587476,4.734607834587476,31.658439368533227,31.7852400036566,22.253720206611163,22.655750850904692,68.66788653451984,69.33150926820103,10.146329748619586,11.855015645981728,2.4943750000000002,2.4943750000000002
2025-06-07,201002,31.7852400036566,22.655750850904692,69.33150926820103,11.855015645981728,2.4943750000000002,32.82349875689282,22.27210176076204,75,4.8,-0.5000000000000001,-0.8660254037844386,0.4110537546870351,-0.9116111071930239,-1.0382587532362173,0.3836490901426508,0.0,1.8550156459817284,1.7522528950478276,0.7421221049521727,32.76655366475414,32.67351806044204,22.160697353967112,22.75426915765219,72.22018240539008,66.94628124630776,10.158670060981798,12.493166334036909,0.0,0.0
2025-06-08,201002,32.67351806044204,22.75426915765219,66.94628124630776,12.493166334036909,0.0,31.036502870510464,22.064208772680864,75,4.8,-0.5000000000000001,-0.8660254037844386,0.3953117887649151,-0.9185469991587165,1.637015189931578,0.6900603849713249,0.0,2.493166334036909,-2.5362789864589157,2.5362789864589157,31.7852400036566,31.488727221056276,22.655750850904692,22.958678184902695,69.33150926820103,68.47251205939442,11.855015645981728,11.404154957251233,2.4943750000000002,0.0
2025-06-09,201002,31.488727221056276,22.958678184902695,68.47251205939442,11.404154957251233,0.0,31.625751617915984,22.6023403957228,75,4.8,-0.5000000000000001,-0.8660254037844386,0.37945284372454435,-0.925211078289358,-0.13702439685970802,0.35633778917989645,0.0,1.404154957251233,0.0,0.0,32.67351806044204,32.47086906683786,22.75426915765219,22.533440304439754,66.94628124630776,67.76275853422796,12.493166334036909,10.844594056677765,0.0,69.8425
2025-06-10,201002,32.47086906683786,22.533440304439754,67.76275853422796,10.844594056677765,69.8425,32.124978978530685,22.911693442003237,75,4.8,-0.5000000000000001,-0.8660254037844386,0.36348161248290634,-0.9316013725767187,0.34589008830717205,-0.3782531375634832,0.0,0.8445940566777654,66.80913067045941,3.0333693295405944,31.488727221056276,31.253962563345635,22.958678184902695,23.284437703411275,68.47251205939442,69.22407168356325,11.404154957251233,10.790396354345466,0.0,0.0
2025-06-11,201002,31.253962563345635,23.284437703411275,69.22407168356325,10.790396354345466,0.0,31.756571671692942,22.786258468059096,75,4.8,-0.5000000000000001,-0.8660254037844386,0.3474028211842774,-0.9377159910299093,-0.5026091083473077,0.498179235352179,0.0,0.7903963543454662,-0.5897380390207114,0.5897380390207114,32.47086906683786,33.99393613564971,22.533440304439754,22.604878699096023,67.76275853422796,68.8292835200544,10.844594056677765,11.244555730581894,69.8425,0.0
2025-06-12,201002,33.99393613564971,22.604878699096023,68.8292835200544,11.244555730581894,0.0,31.341410097788938,22.798042501602815,75,4.8,-0.5000000000000001,-0.8660254037844386,0.3312212278016865,-0.9435531242349544,2.652526037860774,-0.19316380250679188,0.0,1.2445557305818937,-2.9745368529020566,2.9745368529020566,31.253962563345635,32.76247891885099,23.284437703411275,23.16434025564844,69.22407168356325,66.15227178628338,10.790396354345466,10.71133223719378,0.0,25.34285
2025-06-13,201002,32.76247891885099,23.16434025564844,66.15227178628338,10.71133223719378,25.34285,31.993314717559503,22.09450450367432,75,4.8,-0.5000000000000001,-0.8660254037844386,0.31494162072895193,-0.9491110448902284,0.7691642012914848,1.0698357519741215,0.0,0.7113322371937798,23.64818208525759,1.6946679147424075,33.99393613564971,31.98668831410188,22.604878699096023,22.709747207492473,68.8292835200544,62.93238480139487,11.244555730581894,10.000496504297844,0.0,0.0
2025-06-14,201002,31.98668831410188,22.709747207492473,62.93238480139487,10.000496504297844,0.0,31.24727984829295,22.469457685672538,75,4.8,-0.5000000000000001,-0.8660254037844386,0.2985688173637202,-0.9543881083175908,0.7394084658089284,0.24028952181993546,0.0,0.0004965042978444245,-4.671034030386563,4.671034030386563,32.76247891885099,29.93073573016077,23.16434025564844,23.30323268205407,66.15227178628338,64.6097996443271,10.71133223719378,9.084461513746177,25.34285,2.4943750000000002
2025-06-15,201002,29.93073573016077,23.30323268205407,64.6097996443271,9.084461513746177,2.4943750000000002,29.946123221659896,22.311831879072393,75,4.8,-0.5000000000000001,-0.8660254037844386,0.2821076626819194,-0.9593827529490743,-0.015387491499126327,0.9914008029816763,0.0,-0.9155384862538227,-7.691839286187545,10.186214286187544,31.98668831410188,31.53971289077104,22.709747207492473,23.032786078607312,62.93238480139487,61.5088211735458,10.000496504297844,9.793874037530562,0.0,2.4943750000000002
2025-06-16,201002,31.53971289077104,23.032786078607312,61.5088211735458,9.793874037530562,2.4943750000000002,30.596686136732014,22.077086627254054,75,4.8,-0.5000000000000001,-0.8660254037844386,0.26556302780405594,-0.9640935007889755,0.9430267540390247,0.955699451353258,0.0,-0.2061259624694376,1.5374452653476194,0.9569297346523808,29.93073573016077,30.03958493393867,23.30323268205407,21.803648755763426,64.6097996443271,63.428508934587896,9.084461513746177,8.025606483492773,2.4943750000000002,69.8425
2025-06-17,201002,30.03958493393867,21.803648755763426,63.428508934587896,8.025606483492773,69.8425,29.819226982816115,21.20049493247968,75,4.8,-0.5000000000000001,-0.8660254037844386,0.24893980855376657,-0.9685189578512204,0.22035795112255485,0.6031538232837477,0.0,-1.9743935165072273,68.428776862623,1.4137231373770085,31.53971289077104,30.255442257806518,23.032786078607312,22.256401528032097,61.5088211735458,64.0389618784385,9.793874037530562,9.205475735893529,2.4943750000000002,2.4943750000000002
2025-06-18,201002,30.255442257806518,22.256401528032097,64.0389618784385,9.205475735893529,2.4943750000000002,28.541442124821533,21.773858218923895,75,4.8,-0.5000000000000001,-0.8660254037844386,0.23224292400907015,-0.9726578145718654,1.7140001329849852,0.48254330910820187,0.0,-0.7945242641064709,0.0562167605317323,2.438158239468268,30.03958493393867,29.412176918020386,21.803648755763426,22.60862505820891,63.428508934587896,62.332627704850104,8.025606483492773,7.314980963134251,69.8425,69.8425
2025-06-19,201002,29.412176918020386,22.60862505820891,62.332627704850104,7.314980963134251,69.8425,28.517982583668527,22.12797580468818,75,4.8,-0.5000000000000001,-0.8660254037844386,0.21547731504673012,-0.976508846196619,0.8941943343518588,0.4806492535207312,0.0,-2.685019036865749,69.37838114642571,0.46411885357428506,30.255442257806518,28.732118746959078,22.256401528032097,21.87592916879431,64.0389618784385,63.34196034545717,9.205475735893529,8.380596929342008,2.4943750000000002,11.973
2025-06-20,201002,28.732118746959078,21.87592916879431,63.34196034545717,8.380596929342008,11.973,26.610173236729498,22.0566045398679,75,4.8,-0.5000000000000001,-0.8660254037844386,0.19864794288017112,-0.9800709131432666,2.1219455102295797,-0.18067537107359044,0.0,-1.6194030706579916,10.952051442161174,1.0209485578388264,29.412176918020386,28.541631770324106,22.60862505820891,21.591199066015015,62.332627704850104,62.42839753954822,7.314980963134251,8.096314392928093,69.8425,0.0
2025-06-21,201002,28.541631770324106,21.591199066015015,62.42839753954822,8.096314392928093,0.0,27.66255758640645,21.110979958791148,75,4.8,-0.5000000000000001,-0.8660254037844386,0.18175978759137534,-0.9833429613388902,0.8790741839176555,0.48021910722386707,0.0,-1.9036856070719068,0.0,0.0,28.732118746959078,30.35714148962399,21.87592916879431,21.124685868045926,63.34196034545717,62.80142172191319,8.380596929342008,8.220807794342509,11.973,0.0
2025-06-22,201002,30.35714148962399,21.124685868045926,62.80142172191319,8.220807794342509,0.0,26.900589106222245,21.173789435167375,75,4.8,-0.5000000000000001,-0.8660254037844386,0.16481784665719793,-0.9863240225317866,3.456552383401746,-0.04910356712144903,0.0,-1.7791922056574911,-3.7411381151461276,3.7411381151461276,28.541631770324106,28.555209328043993,21.591199066015015,21.728001443151886,62.42839753954822,63.08330127575408,8.096314392928093,9.29785385703491,0.0,0.0
2025-06-23,201002,28.555209328043993,21.728001443151886,63.08330127575408,9.29785385703491,0.0,26.56168634107287,20.82468440042791,75,4.8,-0.5000000000000001,-0.8660254037844386,0.14782713347053048,-0.9890132145779883,1.9935229869711222,0.9033170427239767,0.0,-0.7021461429650895,-1.282576262768841,1.282576262768841,30.35714148962399,28.44865323754779,21.124685868045926,21.20563702930457,62.80142172191319,63.40336646066261,8.220807794342509,8.302833735468164,0.0,2.4943750000000002
2025-06-24,201002,28.44865323754779,21.20563702930457,63.40336646066261,8.302833735468164,2.4943750000000002,27.61995804349111,20.34178542729048,75,4.8,-0.5000000000000001,-0.8660254037844386,0.13079267585675922,-0.9914097417023038,0.8286951940566816,0.8638516020140905,0.0,-1.6971662645318357,-2.2332742308035587,4.727649230803559,28.555209328043993,28.086778823344687,21.728001443151886,21.5143707947359,63.08330127575408,64.8905791015501,9.29785385703491,9.042008442301539,0.0,11.973
2025-06-25,201002,28.086778823344687,21.5143707947359,64.8905791015501,9.042008442301539,11.973,26.68460537966518,21.079262109069006,75,4.8,-0.5000000000000001,-0.8660254037844386,0.11371951458594969,-0.9935128947338007,1.4021734436795086,0.43510868566689354,0.0,-0.9579915576984614,11.31684711637545,0.6561528836245505,28.44865323754779,28.545422038647974,21.20563702930457,21.595975919148394,63.40336646066261,63.96129061583497,8.302833735468164,10.331364200293633,2.4943750000000002,0.0
2025-06-26,201002,28.545422038647974,21.595975919148394,63.96129061583497,10.331364200293633,0.0,27.81106962826824,21.07309158249384,75,4.8,-0.5000000000000001,-0.8660254037844386,0.0966127018812031,-0.9953220513156602,0.734352410379735,0.5228843366545526,0.0,0.331364200293633,-0.010919513514830781,0.010919513514830781,28.086778823344687,28.817798188052617,21.5143707947359,21.867046711895572,64.8905791015501,65.61955065327314,9.042008442301539,9.831798825147894,11.973,0.0
2025-06-27,201002,28.817798188052617,21.867046711895572,65.61955065327314,9.831798825147894,0.0,27.34507153504997,21.09261459555977,75,4.8,-0.5000000000000001,-0.8660254037844386,0.07947729992362097,-0.9968366760893436,1.4727266530026455,0.7744321163358023,0.0,-0.16820117485210595,-4.619354616522975,4.619354616522975,28.545422038647974,30.011221043098427,21.595975919148394,21.094052371554152,63.96129061583497,65.01476874134723,10.331364200293633,12.535383663905257,0.0,25.34285
2025-06-28,201002,30.011221043098427,21.094052371554152,65.01476874134723,12.535383663905257,25.34285,26.94195214958966,20.39167520203985,75,4.8,-0.5000000000000001,-0.8660254037844386,0.062318379354325076,-0.998056320853012,3.0692688935087666,0.7023771695143033,0.0,2.5353836639052574,16.790328778699767,8.552521221300232,28.817798188052617,30.627886467269665,21.867046711895572,20.341935462858693,65.61955065327314,66.70191756040148,9.831798825147894,9.836092180836783,0.0,0.0
2025-06-29,201002,30.627886467269665,20.341935462858693,66.70191756040148,9.836092180836783,0.0,29.02233566859859,20.245615005091693,75,4.8,-0.5000000000000001,-0.8660254037844386,0.04514101777397193,-0.9989806246941579,1.605550798671075,0.09632045776699982,0.0,-0.16390781916321728,0.0,0.0,30.011221043098427,30.04857635919517,21.094052371554152,21.81290289690774,65.01476874134723,69.26713496446712,12.535383663905257,11.916113770703703,25.34285,69.8425
2025-06-02,201003,31.201345641865903,22.597807268352902,69.69798357642826,10.63725636028804,12.027000000000001,29.85613652413599,22.282665915829103,-10,1.2,1.0,6.123233995736766e-17,0.4878471454423119,-0.8729290708206411,1.3452091177299117,0.31514135252379916,0.0,0.6372563602880401,12.027000000000001,0.0,31.612189290219327,31.457325298416123,22.318347086502012,22.08524283635829,67.78636350978364,68.64958615311654,9.37602312724811,10.156350840767663,25.457150000000002,25.457150000000002
2025-06-03,201003,31.457325298416123,22.08524283635829,68.64958615311654,10.156350840767663,25.457150000000002,30.97504121462718,22.03189379815613,-10,1.2,1.0,6.123233995736766e-17,0.47275920928627757,-0.881191653407483,0.4822840837889437,0.053349038202160415,0.0,0.15635084076766326,21.429863196168125,4.027286803831877,31.201345641865903,33.25074938638498,22.597807268352902,22.40291087790358,69.69798357642826,69.82849294574606,10.63725636028804,11.08801069764974,12.027000000000001,70.1575
2025-06-04,201003,33.25074938638498,22.40291087790358,69.82849294574606,11.08801069764974,70.1575,30.32432293656433,22.61981847549768,-10,1.2,1.0,6.123233995736766e-17,0.4575313760742512,-0.8891934772070711,2.926426449820653,-0.21690759759410128,0.0,1.0880106976497395,67.49248399781474,2.6650160021852543,31.457325298416123,31.915005542880365,22.08524283635829,22.12249487663507,68.64958615311654,70.16113310055927,10.156350840767663,10.501610905676559,25.457150000000002,70.1575
2025-06-05,201003,31.915005542880365,22.12249487663507,70.16113310055927,10.501610905676559,70.1575,31.118038737301315,22.60624871038762,-10,1.2,1.0,6.123233995736766e-17,0.44216815196707204,-0.8969321743510065,0.79696680557905,-0.48375383375255154,0.0,0.501610905676559,65.55000990239866,4.607490097601338,33.25074938638498,32.606627283374124,22.40291087790358,22.777975336138766,69.82849294574606,69.0541495735655,11.08801069764974,11.65411237483582,70.1575,70.1575
2025-06-06,201003,32.606627283374124,22.777975336138766,69.0541495735655,11.65411237483582,70.1575,32.57166979768951,22.830883807319587,-10,1.2,1.0,6.123233995736766e-17,0.42667408318992467,-0.9044054548343001,0.03495748568461465,-0.05290847118082098,0.0,1.6541123748358206,65.42289216541252,4.734607834587476,31.915005542880365,32.70469965276322,22.12249487663507,23.653401042738697,70.16113310055927,68.60339086288586,10.501610905676559,10.72207102558163,70.1575,12.027000000000001
2025-06-07,201003,32.70469965276322,23.653401042738697,68.60339086288586,10.72207102558163,12.027000000000001,33.37599875689281,22.824601760762043,-10,1.2,1.0,6.123233995736766e-17,0.4110537546870351,-0.9116111071930239,-0.671299104129595,0.8287992819766536,0.0,0.7220710255816307,11.284877895047828,0.7421221049521727,32.606627283374124,34.025783907541594,22.777975336138766,22.66247681535637,69.0541495735655,68.62890469231023,11.65411237483582,10.373064369295381,70.1575,0.0
2025-06-08,201003,34.025783907541594,22.66247681535637,68.62890469231023,10.373064369295381,0.0,31.589002870510466,22.616708772680866,-10,1.2,1.0,6.123233995736766e-17,0.3953117887649151,-0.9185469991587165,2.4367810370311282,0.045768042675504716,0.0,0.3730643692953812,-2.5362789864589157,2.5362789864589157,32.70469965276322,31.50936131583259,23.653401042738697,22.346140159355585,68.60339086288586,70.50476518450147,10.72207102558163,12.39317816205743,12.027000000000001,70.1575
2025-06-09,201003,31.50936131583259,22.346140159355585,70.50476518450147,12.39317816205743,70.1575,32.17825161791598,23.1548403957228,-10,1.2,1.0,6.123233995736766e-17,0.37945284372454435,-0.925211078289358,-0.6688903020833941,-0.8087002363672156,0.0,2.3931781620574295,70.1575,0.0,34.025783907541594,32.384631549517515,22.66247681535637,23.01711616066714,68.62890469231023,67.91505873410512,10.373064369295381,11.6740413679534,0.0,0.0
2025-06-10,201003,32.384631549517515,23.01711616066714,67.91505873410512,11.6740413679534,0.0,32.67747897853068,23.46419344200324,-10,1.2,1.0,6.123233995736766e-17,0.36348161248290634,-0.9316013725767187,-0.29284742901316463,-0.4470772813360995,0.0,1.6740413679534,-3.0333693295405944,3.0333693295405944,31.50936131583259,31.635145982327913,22.346140159355585,22.98089493402732,70.50476518450147,69.22903453589886,12.39317816205743,12.518361982836938,70.1575,0.0
2025-06-11,201003,31.635145982327913,22.98089493402732,69.22903453589886,12.518361982836938,0.0,32.30907167169294,23.338758468059098,-10,1.2,1.0,6.123233995736766e-17,0.3474028211842774,-0.9377159910299093,-0.6739256893650278,-0.35786353403177884,0.0,2.5183619828369377,-0.5897380390207114,0.5897380390207114,32.384631549517515,33.570965146208955,23.01711616066714,23.014526740494034,67.91505873410512,65.20427613725967,11.6740413679534,10.922707018879121,0.0,2.505625
2025-06-12,201003,33.570965146208955,23.014526740494034,65.20427613725967,10.922707018879121,2.505625,31.89391009778894,23.350542501602817,-10,1.2,1.0,6.123233995736766e-17,0.3312212278016865,-0.9435531242349544,1.6770550484200157,-0.33601576110878284,0.0,0.9227070188791213,-0.4689118529020564,2.9745368529020566,31.635145982327913,33.813411063738144,22.98089493402732,23.536186207273257,69.22903453589886,64.50338591611019,12.518361982836938,9.594421427367278,0.0,0.0
2025-06-13,201003,33.813411063738144,23.536186207273257,64.50338591611019,9.594421427367278,0.0,32.5458147175595,22.64700450367432,-10,1.2,1.0,6.123233995736766e-17,0.31494162072895193,-0.9491110448902284,1.2675963461786424,0.8891817035989362,0.0,-0.4055785726327219,-1.6946679147424075,1.6946679147424075,33.570965146208955,32.1573142023688,23.014526740494034,22.837829458512076,65.20427613725967,64.60060544081774,10.922707018879121,10.449854668615883,2.505625,2.505625
2025-06-14,201003,32.1573142023688,22.837829458512076,64.60060544081774,10.449854668615883,2.505625,31.799779848292953,23.02195768567254,-10,1.2,1.0,6.123233995736766e-17,0.2985688173637202,-0.9543881083175908,0.3575343540758489,-0.18412822716046406,0.0,0.44985466861588286,-2.165409030386563,4.671034030386563,33.813411063738144,31.568623330805732,23.536186207273257,22.381045409482873,64.50338591611019,61.80269957883644,9.594421427367278,9.16454066702301,0.0,0.0
2025-06-15,201003,31.568623330805732,22.381045409482873,61.80269957883644,9.16454066702301,0.0,30.498623221659898,22.864331879072395,-10,1.2,1.0,6.123233995736766e-17,0.2821076626819194,-0.9593827529490743,1.070000109145834,-0.4832864695895225,0.0,-0.8354593329769902,-10.186214286187544,10.186214286187544,32.1573142023688,32.75795170697809,22.837829458512076,23.32229296389519,64.60060544081774,65.77180275549,10.449854668615883,9.45667148565326,2.505625,2.505625
2025-06-16,201003,32.75795170697809,23.32229296389519,65.77180275549,9.45667148565326,2.505625,31.149186136732016,22.629586627254056,-10,1.2,1.0,6.123233995736766e-17,0.26556302780405594,-0.9640935007889755,1.6087655702460744,0.6927063366411339,0.0,-0.5433285143467401,1.5486952653476194,0.9569297346523808,31.568623330805732,31.420148497856516,22.381045409482873,21.778315116207207,61.80269957883644,63.57778800835137,9.16454066702301,9.064454812410235,0.0,12.027000000000001
2025-06-17,201003,31.420148497856516,21.778315116207207,63.57778800835137,9.064454812410235,12.027000000000001,30.371726982816117,21.75299493247968,-10,1.2,1.0,6.123233995736766e-17,0.24893980855376657,-0.9685189578512204,1.048421515040399,0.025320183727526313,0.0,-0.9355451875897653,10.613276862622993,1.4137231373770085,32.75795170697809,31.547601431726978,23.32229296389519,21.962036415521077,65.77180275549,65.02875939200727,9.45667148565326,8.594654256783429,2.505625,25.457150000000002
2025-06-18,201003,31.547601431726978,21.962036415521077,65.02875939200727,8.594654256783429,25.457150000000002,29.093942124821535,22.326358218923897,-10,1.2,1.0,6.123233995736766e-17,0.23224292400907015,-0.9726578145718654,2.4536593069054433,-0.36432180340282017,0.0,-1.4053457432165715,23.018991760531733,2.438158239468268,31.420148497856516,30.108100751701308,21.778315116207207,22.15570657641792,63.57778800835137,64.10600251530805,9.064454812410235,8.18986181427397,12.027000000000001,0.0
2025-06-19,201003,30.108100751701308,22.15570657641792,64.10600251530805,8.18986181427397,0.0,29.07048258366853,22.680475804688182,-10,1.2,1.0,6.123233995736766e-17,0.21547731504673012,-0.976508846196619,1.037618168032779,-0.5247692282702623,0.0,-1.8101381857260304,-0.46411885357428506,0.46411885357428506,31.547601431726978,29.98623393877187,21.962036415521077,21.5398048094996,65.02875939200727,64.70639590805315,8.594654256783429,9.119001817971231,25.457150000000002,0.0
2025-06-20,201003,29.98623393877187,21.5398048094996,64.70639590805315,9.119001817971231,0.0,27.1626732367295,22.609104539867904,-10,1.2,1.0,6.123233995736766e-17,0.19864794288017112,-0.9800709131432666,2.8235607020423714,-1.0692997303683036,0.0,-0.8809981820287689,-1.0209485578388264,1.0209485578388264,30.108100751701308,30.651120577719023,22.15570657641792,22.17311035084268,64.10600251530805,64.8408217657427,8.18986181427397,8.673110554753828,0.0,25.457150000000002
2025-06-21,201003,30.651120577719023,22.17311035084268,64.8408217657427,8.673110554753828,25.457150000000002,28.215057586406452,21.66347995879115,-10,1.2,1.0,6.123233995736766e-17,0.18175978759137534,-0.9833429613388902,2.4360629913125713,0.5096303920515304,0.0,-1.326889445246172,25.457150000000002,0.0,29.98623393877187,30.469821713329377,21.5398048094996,21.51563776802194,64.70639590805315,65.78042273547693,9.119001817971231,7.4688811090551015,0.0,70.1575
2025-06-22,201003,30.469821713329377,21.51563776802194,65.78042273547693,7.4688811090551015,70.1575,27.453089106222247,21.726289435167377,-10,1.2,1.0,6.123233995736766e-17,0.16481784665719793,-0.9863240225317866,3.01673260710713,-0.21065166714543793,0.0,-2.5311188909448985,66.41636188485387,3.7411381151461276,30.651120577719023,29.44787425077458,22.17311035084268,21.928910067491945,64.8408217657427,64.66973339502827,8.673110554753828,8.90902022946908,25.457150000000002,70.1575
2025-06-23,201003,29.44787425077458,21.928910067491945,64.66973339502827,8.90902022946908,70.1575,27.114186341072873,21.37718440042791,-10,1.2,1.0,6.123233995736766e-17,0.14782713347053048,-0.9890132145779883,2.3336879097017054,0.5517256670640336,0.0,-1.0909797705309199,68.87492373723116,1.282576262768841,30.469821713329377,29.21523503181961,21.51563776802194,21.32498365505961,65.78042273547693,65.22150754241837,7.4688811090551015,8.252793652528608,70.1575,70.1575
2025-06-24,201003,29.21523503181961,21.32498365505961,65.22150754241837,8.252793652528608,70.1575,28.172458043491112,20.89428542729048,-10,1.2,1.0,6.123233995736766e-17,0.13079267585675922,-0.9914097417023038,1.042776988328498,0.43069822776913114,0.0,-1.7472063474713924,65.42985076919643,4.727649230803559,29.44787425077458,30.171196399974257,21.928910067491945,21.30086414541064,64.66973339502827,66.51369897419168,8.90902022946908,8.709878730169438,70.1575,25.457150000000002
2025-06-25,201003,30.171196399974257,21.30086414541064,66.51369897419168,8.709878730169438,25.457150000000002,27.23710537966518,21.631762109069008,-10,1.2,1.0,6.123233995736766e-17,0.11371951458594969,-0.9935128947338007,2.9340910203090758,-0.3308979636583693,0.0,-1.2901212698305624,24.800997116375452,0.6561528836245505,29.21523503181961,29.63047098541439,21.32498365505961,21.730923164457636,65.22150754241837,65.90213332161348,8.252793652528608,9.847611075267123,70.1575,2.505625
2025-06-26,201003,29.63047098541439,21.730923164457636,65.90213332161348,9.847611075267123,2.505625,28.36356962826824,21.625591582493843,-10,1.2,1.0,6.123233995736766e-17,0.0966127018812031,-0.9953220513156602,1.2669013571461498,0.10533158196379233,0.0,-0.15238892473287713,2.494705486485169,0.010919513514830781,30.171196399974257,29.32641228382894,21.30086414541064,20.3872607126409,66.51369897419168,62.286567213917806,8.709878730169438,10.134670854470166,25.457150000000002,0.0
2025-06-27,201003,29.32641228382894,20.3872607126409,62.286567213917806,10.134670854470166,0.0,27.897571535049973,21.64511459555977,-10,1.2,1.0,6.123233995736766e-17,0.07947729992362097,-0.9968366760893436,1.428840748778967,-1.257853882918873,0.0,0.13467085447016558,-4.619354616522975,4.619354616522975,29.63047098541439,30.3951666731817,21.730923164457636,21.016503106449736,65.90213332161348,66.7306717860528,9.847611075267123,9.999335953372977,2.505625,2.505625
2025-06-28,201003,30.3951666731817,21.016503106449736,66.7306717860528,9.999335953372977,2.505625,27.494452149589662,20.94417520203985,-10,1.2,1.0,6.123233995736766e-17,0.062318379354325076,-0.998056320853012,2.900714523592036,0.07232790440988524,0.0,-0.0006640466270226852,-6.046896221300232,8.552521221300232,29.32641228382894,30.17106911067964,20.3872607126409,21.44503805113022,62.286567213917806,69.50153185863056,10.134670854470166,11.59813251051826,0.0,0.0
2025-06-29,201003,30.17106911067964,21.44503805113022,69.50153185863056,11.59813251051826,0.0,29.574835668598592,20.798115005091695,-10,1.2,1.0,6.123233995736766e-17,0.04514101777397193,-0.9989806246941579,0.5962334420810471,0.6469230460385234,0.0,1.5981325105182602,0.0,0.0,30.3951666731817,29.99423402926964,21.016503106449736,20.875536646529923,66.7306717860528,64.57994077334541,9.999335953372977,11.874890362965957,2.505625,0.0
2025-06-02,201004,32.44841299498389,22.858167309708712,69.2730852924868,9.382600719423651,0.0,29.66113652413599,22.087665915829103,20,3.0,1.2246467991473532e-16,-1.0,0.4878471454423119,-0.8729290708206411,2.7872764708478996,0.7705013938796093,0.0,-0.6173992805763486,0.0,0.0,31.114257353159854,32.93378470699562,22.374291218478948,21.935199260576553,67.23829702580942,66.80919478743894,10.97321988621297,11.488623435265168,0.0,25.57145
2025-06-03,201004,32.93378470699562,21.935199260576553,66.80919478743894,11.488623435265168,25.57145,30.78004121462718,21.83689379815613,20,3.0,1.2246467991473532e-16,-1.0,0.47275920928627757,-0.881191653407483,2.153743492368438,0.0983054624204236,0.0,1.4886234352651684,21.54416319616812,4.027286803831877,32.44841299498389,31.97755412256806,22.858167309708712,22.662767985439807,69.2730852924868,67.82533724274221,9.382600719423651,10.320845498167207,0.0,0.0
2025-06-04,201004,31.97755412256806,22.662767985439807,67.82533724274221,10.320845498167207,0.0,30.12932293656433,22.42481847549768,20,3.0,1.2246467991473532e-16,-1.0,0.4575313760742512,-0.8891934772070711,1.84823118600373,0.23794950994212627,0.0,0.3208454981672073,-2.6650160021852543,2.6650160021852543,32.93378470699562,31.731969948047645,21.935199260576553,23.250910455563176,66.80919478743894,69.5909458213196,11.488623435265168,12.738686845581631,25.57145,70.4725
2025-06-05,201004,31.731969948047645,23.250910455563176,69.5909458213196,12.738686845581631,70.4725,30.923038737301315,22.41124871038762,20,3.0,1.2246467991473532e-16,-1.0,0.44216815196707204,-0.8969321743510065,0.80893121074633,0.8396617451755546,0.0,2.738686845581631,65.86500990239865,4.607490097601338,31.97755412256806,34.90642890767468,22.662767985439807,21.995036134601385,67.82533724274221,69.160850576834,10.320845498167207,10.863958307330561,0.0,2.516875
2025-06-06,201004,34.90642890767468,21.995036134601385,69.160850576834,10.863958307330561,2.516875,32.37666979768951,22.635883807319587,20,3.0,1.2246467991473532e-16,-1.0,0.42667408318992467,-0.9044054548343001,2.5297591099851715,-0.640847672718202,0.0,0.8639583073305612,-2.217732834587476,4.734607834587476,31.731969948047645,32.545467411857956,23.250910455563176,23.082003277100853,69.5909458213196,67.43251440336317,12.738686845581631,13.103826217680783,70.4725,0.0
2025-06-07,201004,32.545467411857956,23.082003277100853,67.43251440336317,13.103826217680783,0.0,33.18099875689281,22.629601760762043,20,3.0,1.2246467991473532e-16,-1.0,0.4110537546870351,-0.9116111071930239,-0.6355313450348561,0.45240151633881,0.0,3.1038262176807834,-0.7421221049521727,0.7421221049521727,34.90642890767468,34.05845768389569,21.995036134601385,23.743142877502276,69.160850576834,67.93407510446129,10.863958307330561,12.304817225439733,2.516875,0.0
2025-06-08,201004,34.05845768389569,23.743142877502276,67.93407510446129,12.304817225439733,0.0,31.394002870510466,22.421708772680866,20,3.0,1.2246467991473532e-16,-1.0,0.3953117887649151,-0.9185469991587165,2.6644548133852233,1.3214341048214102,0.0,2.3048172254397326,-2.5362789864589157,2.5362789864589157,32.545467411857956,32.27206076799424,23.082003277100853,22.753751942127828,67.43251440336317,66.42819069913187,13.103826217680783,12.24339832729637,0.0,0.0
2025-06-09,201004,32.27206076799424,22.753751942127828,66.42819069913187,12.24339832729637,0.0,31.983251617915986,22.9598403957228,20,3.0,1.2246467991473532e-16,-1.0,0.37945284372454435,-0.925211078289358,0.28880915007825436,-0.20608845359497252,0.0,2.2433983272963705,0.0,0.0,34.05845768389569,33.64923356445788,23.743142877502276,22.983462434726384,67.93407510446129,66.69998568844983,12.304817225439733,11.317771603418036,0.0,0.0
2025-06-10,201004,33.64923356445788,22.983462434726384,66.69998568844983,11.317771603418036,0.0,32.48247897853068,23.26919344200324,20,3.0,1.2246467991473532e-16,-1.0,0.36348161248290634,-0.9316013725767187,1.166754585927201,-0.28573100727685485,0.0,1.317771603418036,-3.0333693295405944,3.0333693295405944,32.27206076799424,33.387203231126016,22.753751942127828,23.491242950366377,66.42819069913187,68.01188625051245,12.24339832729637,11.24264608715984,0.0,2.516875
2025-06-11,201004,33.387203231126016,23.491242950366377,68.01188625051245,11.24264608715984,2.516875,32.11407167169294,23.143758468059097,20,3.0,1.2246467991473532e-16,-1.0,0.3474028211842774,-0.9377159910299093,1.2731315594330752,0.34748448230728,0.0,1.2426460871598408,1.9271369609792888,0.5897380390207114,33.64923356445788,32.5758876718191,22.983462434726384,22.930154249365472,66.69998568844983,65.3847864465842,11.317771603418036,11.462775967779834,0.0,0.0
2025-06-12,201004,32.5758876718191,22.930154249365472,65.3847864465842,11.462775967779834,0.0,31.69891009778894,23.155542501602817,20,3.0,1.2246467991473532e-16,-1.0,0.3312212278016865,-0.9435531242349544,0.876977574030164,-0.2253882522373445,0.0,1.4627759677798338,-2.9745368529020566,2.9745368529020566,33.387203231126016,33.25157142257691,23.491242950366377,23.431258493522233,68.01188625051245,65.85723541166215,11.24264608715984,9.78204641740588,2.516875,12.081
2025-06-13,201004,33.25157142257691,23.431258493522233,65.85723541166215,9.78204641740588,12.081,32.3508147175595,22.45200450367432,20,3.0,1.2246467991473532e-16,-1.0,0.31494162072895193,-0.9491110448902284,0.9007567050174075,0.979253989847912,0.0,-0.21795358259412012,10.386332085257592,1.6946679147424075,32.5758876718191,32.7175003783598,22.930154249365472,22.25551313912366,65.3847864465842,63.59282071220559,11.462775967779834,9.336147715246776,0.0,25.57145
2025-06-14,201004,32.7175003783598,22.25551313912366,63.59282071220559,9.336147715246776,25.57145,31.604779848292953,22.82695768567254,20,3.0,1.2246467991473532e-16,-1.0,0.2985688173637202,-0.9543881083175908,1.1127205300668486,-0.5714445465488787,0.0,-0.663852284753224,20.900415969613434,4.671034030386563,33.25157142257691,31.1961098053919,23.431258493522233,22.804952365514048,65.85723541166215,66.45196050768251,9.78204641740588,9.874295090105583,12.081,0.0
2025-06-15,201004,31.1961098053919,22.804952365514048,66.45196050768251,9.874295090105583,0.0,30.303623221659898,22.669331879072395,20,3.0,1.2246467991473532e-16,-1.0,0.2821076626819194,-0.9593827529490743,0.8924865837320013,0.1356204864416526,0.0,-0.12570490989441652,-10.186214286187544,10.186214286187544,32.7175003783598,31.34197189128417,22.25551313912366,22.809753498760134,63.59282071220559,68.00793854656465,9.336147715246776,9.532786461428573,25.57145,0.0
2025-06-16,201004,31.34197189128417,22.809753498760134,68.00793854656465,9.532786461428573,0.0,30.954186136732016,22.434586627254056,20,3.0,1.2246467991473532e-16,-1.0,0.26556302780405594,-0.9640935007889755,0.387785754552155,0.3751668715060781,0.0,-0.46721353857142667,-0.9569297346523808,0.9569297346523808,31.1961098053919,30.964248022687716,22.804952365514048,22.687815998858888,66.45196050768251,63.726366536874615,9.874295090105583,8.814800426803293,0.0,0.0
2025-06-17,201004,30.964248022687716,22.687815998858888,63.726366536874615,8.814800426803293,0.0,30.176726982816117,21.55799493247968,20,3.0,1.2246467991473532e-16,-1.0,0.24893980855376657,-0.9685189578512204,0.7875210398715993,1.1298210663792077,0.0,-1.1851995731967069,-1.4137231373770085,1.4137231373770085,31.34197189128417,31.75045012087485,22.809753498760134,22.385015148287415,68.00793854656465,63.126531358947986,9.532786461428573,7.811965707546916,0.0,2.516875
2025-06-18,201004,31.75045012087485,22.385015148287415,63.126531358947986,7.811965707546916,2.516875,28.898942124821534,22.131358218923896,20,3.0,1.2246467991473532e-16,-1.0,0.23224292400907015,-0.9726578145718654,2.8515079960533143,0.2536569293635189,0.0,-2.188034292453084,0.07871676053173227,2.438158239468268,30.964248022687716,29.648373163730884,22.687815998858888,22.45086599526986,63.726366536874615,61.53008959171484,8.814800426803293,7.89571004713659,0.0,0.0
2025-06-19,201004,29.648373163730884,22.45086599526986,61.53008959171484,7.89571004713659,0.0,28.87548258366853,22.485475804688182,20,3.0,1.2246467991473532e-16,-1.0,0.21547731504673012,-0.976508846196619,0.7728905800623558,-0.03460980941832048,0.0,-2.10428995286341,-0.46411885357428506,0.46411885357428506,31.75045012087485,29.886037268342033,22.385015148287415,22.549345191862095,63.126531358947986,64.62559940979362,7.811965707546916,8.512783886035805,2.516875,70.4725
2025-06-20,201004,29.886037268342033,22.549345191862095,64.62559940979362,8.512783886035805,70.4725,26.9676732367295,22.414104539867903,20,3.0,1.2246467991473532e-16,-1.0,0.19864794288017112,-0.9800709131432666,2.9183640316125334,0.13524065199419155,0.0,-1.4872161139641946,69.45155144216118,1.0209485578388264,29.648373163730884,29.808011844853265,22.45086599526986,21.53628862663507,61.53008959171484,65.23551085039306,7.89571004713659,9.296112887889258,0.0,12.081
2025-06-21,201004,29.808011844853265,21.53628862663507,65.23551085039306,9.296112887889258,12.081,28.020057586406452,21.46847995879115,20,3.0,1.2246467991473532e-16,-1.0,0.18175978759137534,-0.9833429613388902,1.7879542584468133,0.06780866784392003,0.0,-0.703887112110742,12.081,0.0,29.886037268342033,31.30629193553122,22.549345191862095,22.4132189258837,64.62559940979362,64.5864842203832,8.512783886035805,9.068758746761894,70.4725,12.081
2025-06-22,201004,31.30629193553122,22.4132189258837,64.5864842203832,9.068758746761894,12.081,27.258089106222247,21.531289435167377,20,3.0,1.2246467991473532e-16,-1.0,0.16481784665719793,-0.9863240225317866,4.048202829308973,0.881929490716324,0.0,-0.931241253238106,8.339861884853871,3.7411381151461276,29.808011844853265,30.686105017654096,21.53628862663507,21.973222938220548,65.23551085039306,65.79113804203497,9.296112887889258,9.333538530611616,12.081,0.0
2025-06-23,201004,30.686105017654096,21.973222938220548,65.79113804203497,9.333538530611616,0.0,26.919186341072873,21.18218440042791,20,3.0,1.2246467991473532e-16,-1.0,0.14782713347053048,-0.9890132145779883,3.7669186765812235,0.7910385377926374,0.0,-0.6664614693883841,-1.282576262768841,1.282576262768841,31.30629193553122,29.696703954016556,22.4132189258837,21.375088229894295,64.5864842203832,61.09439196241964,9.068758746761894,10.239347282729165,12.081,0.0
2025-06-24,201004,29.696703954016556,21.375088229894295,61.09439196241964,10.239347282729165,0.0,27.97745804349111,20.69928542729048,20,3.0,1.2246467991473532e-16,-1.0,0.13079267585675922,-0.9914097417023038,1.7192459105254443,0.6758028026038154,0.0,0.23934728272916495,-4.727649230803559,4.727649230803559,30.686105017654096,28.518066504828965,21.973222938220548,21.646390476573607,65.79113804203497,64.52699226085304,9.333538530611616,10.248476251435825,0.0,0.0
2025-06-25,201004,28.518066504828965,21.646390476573607,64.52699226085304,10.248476251435825,0.0,27.04210537966518,21.436762109069008,20,3.0,1.2246467991473532e-16,-1.0,0.11371951458594969,-0.9935128947338007,1.475961125163785,0.20962836750459957,0.0,0.2484762514358252,-0.6561528836245505,0.6561528836245505,29.696703954016556,29.089682372153206,21.375088229894295,21.87839821754826,61.09439196241964,64.12018157429648,10.239347282729165,10.03569174031494,0.0,0.0
2025-06-26,201004,29.089682372153206,21.87839821754826,64.12018157429648,10.03569174031494,0.0,28.16856962826824,21.430591582493843,20,3.0,1.2246467991473532e-16,-1.0,0.0966127018812031,-0.9953220513156602,0.9211127438849651,0.4478066350544161,0.0,0.035691740314939935,-0.010919513514830781,0.010919513514830781,28.518066504828965,29.26889632795623,21.646390476573607,22.210001899132383,64.52699226085304,64.6924812260425,10.248476251435825,10.7719129791295,0.0,0.0
2025-06-27,201004,29.26889632795623,22.210001899132383,64.6924812260425,10.7719129791295,0.0,27.702571535049973,21.45011459555977,20,3.0,1.2246467991473532e-16,-1.0,0.07947729992362097,-0.9968366760893436,1.5663247929062578,0.7598873035726115,0.0,0.7719129791294996,-4.619354616522975,4.619354616522975,29.089682372153206,29.870802117655693,21.87839821754826,21.38674917514866,64.12018157429648,66.03729527749923,10.03569174031494,12.277184102677046,0.0,12.081
2025-06-28,201004,29.870802117655693,21.38674917514866,66.03729527749923,12.277184102677046,12.081,27.299452149589662,20.74917520203985,20,3.0,1.2246467991473532e-16,-1.0,0.062318379354325076,-0.998056320853012,2.5713499680660306,0.6375739731088075,0.0,2.2771841026770456,3.5284787786997676,8.552521221300232,29.26889632795623,29.80669385969262,22.210001899132383,21.771004117838544,64.6924812260425,66.14978003865937,10.7719129791295,11.135017962416635,0.0,70.4725
2025-06-29,201004,29.80669385969262,21.771004117838544,66.14978003865937,11.135017962416635,70.4725,29.37983566859859,20.603115005091695,20,3.0,1.2246467991473532e-16,-1.0,0.04514101777397193,-0.9989806246941579,0.426858191094027,1.167889112746849,0.0,1.1350179624166348,70.4725,0.0,29.870802117655693,31.481012067813904,21.38674917514866,21.24808692440075,66.03729527749923,67.21226408595717,12.277184102677046,11.45084608728814,12.081,0.0
